{
  "clusters": 6,
  "seed": 42,
  "days": 915,
  "inertia": 100.82024735519121,
  "markov_laplace": 1.0,
  "markov_train_days": 915,
  "initial_cluster_probs": [
    0.3224043715846995,
    0.21311475409836064,
    0.07103825136612021,
    0.15956284153005465,
    0.07650273224043716,
    0.15737704918032788
  ]
}