{
  "clusters": 9,
  "seed": 42,
  "days": 915,
  "inertia": 85.46009584349179,
  "markov_laplace": 1.0,
  "markov_train_days": 915,
  "initial_cluster_probs": [
    0.11912568306010929,
    0.13333333333333333,
    0.24699453551912567,
    0.10382513661202186,
    0.06557377049180328,
    0.11366120218579236,
    0.08852459016393442,
    0.046994535519125684,
    0.08196721311475409
  ]
}